[
  { "date": "2024-11-15", "remaining": 28 },
  { "date": "2024-11-16", "remaining": 28 },
  { "date": "2024-11-17", "remaining": 28 },
  { "date": "2024-11-18", "remaining": 27 },
  { "date": "2024-11-19", "remaining": 27 },
  { "date": "2024-11-20", "remaining": 26 },
  { "date": "2024-11-21", "remaining": 26 },
  { "date": "2024-11-22", "remaining": 25 },
  { "date": "2024-11-23", "remaining": 25 },
  { "date": "2024-11-24", "remaining": 25 },
  { "date": "2024-11-25", "remaining": 24 },
  { "date": "2024-11-26", "remaining": 24 },
  { "date": "2024-11-27", "remaining": 24 },
  { "date": "2024-11-28", "remaining": 23 },
  { "date": "2024-11-29", "remaining": 23 },
  { "date": "2024-11-30", "remaining": 22 },
  { "date": "2024-12-01", "remaining": 21 },
  { "date": "2024-12-02", "remaining": 21 },
  { "date": "2024-12-03", "remaining": 20 },
  { "date": "2024-12-04", "remaining": 20 },
  { "date": "2024-12-05", "remaining": 19 },
  { "date": "2024-12-06", "remaining": 19 },
  { "date": "2024-12-07", "remaining": 19 },
  { "date": "2024-12-08", "remaining": 18 },
  { "date": "2024-12-09", "remaining": 18 },
  { "date": "2024-12-10", "remaining": 17 },
  { "date": "2024-12-11", "remaining": 17 },
  { "date": "2024-12-12", "remaining": 16 },
  { "date": "2024-12-13", "remaining": 16 },
  { "date": "2024-12-14", "remaining": 16 },
  { "date": "2024-12-15", "remaining": 15 },
  { "date": "2024-12-16", "remaining": 15 },
  { "date": "2024-12-17", "remaining": 15 },
  { "date": "2024-12-18", "remaining": 15 },
  { "date": "2024-12-19", "remaining": 15 },
  { "date": "2024-12-20", "remaining": 14 },
  { "date": "2024-12-21", "remaining": 14 },
  { "date": "2024-12-22", "remaining": 14 },
  { "date": "2024-12-23", "remaining": 14 },
  { "date": "2024-12-24", "remaining": 14 },
  { "date": "2024-12-25", "remaining": 14 },
  { "date": "2024-12-26", "remaining": 14 },
  { "date": "2024-12-27", "remaining": 14 },
  { "date": "2024-12-28", "remaining": 13 },
  { "date": "2024-12-29", "remaining": 13 },
  { "date": "2024-12-30", "remaining": 13 },
  { "date": "2024-12-31", "remaining": 13 },
  { "date": "2025-01-01", "remaining": 13 },
  { "date": "2025-01-02", "remaining": 12 },
  { "date": "2025-01-03", "remaining": 12 },
  { "date": "2025-01-04", "remaining": 12 },
  { "date": "2025-01-05", "remaining": 11 },
  { "date": "2025-01-06", "remaining": 11 },
  { "date": "2025-01-07", "remaining": 11 },
  { "date": "2025-01-08", "remaining": 10 },
  { "date": "2025-01-09", "remaining": 10 },
  { "date": "2025-01-10", "remaining": 10 },
  { "date": "2025-01-11", "remaining": 9 },
  { "date": "2025-01-12", "remaining": 9 },
  { "date": "2025-01-13", "remaining": 9 },
  { "date": "2025-01-14", "remaining": 8 },
  { "date": "2025-01-15", "remaining": 8 }
]
