[
  {
    "id": "btn-001",
    "name": "Button",
    "status": "migrated",
    "v1Package": "@pacific/v1",
    "v1Name": "Button",
    "v2Package": "@pacific/v2",
    "v2Name": "Button",
    "hasBreakingChanges": true,
    "breakingChanges": ["onClick signature changed from (e) => void to MouseEventHandler", "size prop values changed from 'sm'|'md'|'lg' to 'small'|'medium'|'large'"],
    "migrationNotes": "API simplified. The onClick handler now receives the full React MouseEvent. Size prop values were renamed for consistency.",
    "blockers": [],
    "updatedAt": "2024-12-15T10:30:00Z"
  },
  {
    "id": "card-002",
    "name": "Card",
    "status": "migrated",
    "v1Package": "@pacific/v1",
    "v1Name": "Card",
    "v2Package": "@pacific/v2",
    "v2Name": "Card",
    "hasBreakingChanges": false,
    "breakingChanges": [],
    "migrationNotes": "No breaking changes. Added new elevation prop for shadow variants.",
    "blockers": [],
    "updatedAt": "2024-12-10T14:20:00Z"
  },
  {
    "id": "modal-003",
    "name": "Modal",
    "status": "in_progress",
    "v1Package": "@pacific/v1",
    "v1Name": "Modal",
    "v2Package": "@pacific/v2",
    "v2Name": "Dialog",
    "hasBreakingChanges": true,
    "breakingChanges": ["Component renamed from Modal to Dialog", "isOpen prop renamed to open", "onClose renamed to onOpenChange"],
    "migrationNotes": "Renamed to Dialog to align with WAI-ARIA naming. New compound component API with Dialog.Trigger, Dialog.Content, etc.",
    "blockers": ["Accessibility audit pending for focus trap implementation"],
    "updatedAt": "2025-01-10T09:00:00Z"
  },
  {
    "id": "input-004",
    "name": "Input",
    "status": "migrated",
    "v1Package": "@pacific/v1",
    "v1Name": "Input",
    "v2Package": "@pacific/v2",
    "v2Name": "Input",
    "hasBreakingChanges": true,
    "breakingChanges": ["error prop replaced with aria-invalid and separate errorMessage prop"],
    "migrationNotes": "Error handling now uses native ARIA attributes. Added inputSize prop for field sizing.",
    "blockers": [],
    "updatedAt": "2024-11-28T16:45:00Z"
  },
  {
    "id": "select-005",
    "name": "Select",
    "status": "migrated",
    "v1Package": "@pacific/v1",
    "v1Name": "Select",
    "v2Package": "@pacific/v2",
    "v2Name": "Select",
    "hasBreakingChanges": true,
    "breakingChanges": ["options prop removed, now uses Select.Option children", "onChange value changed from string to { value, label }"],
    "migrationNotes": "Now uses compound component pattern. Better TypeScript support with generic value types.",
    "blockers": [],
    "updatedAt": "2024-12-05T11:30:00Z"
  },
  {
    "id": "table-006",
    "name": "DataTable",
    "status": "not_started",
    "v1Package": "@pacific/v1",
    "v1Name": "DataTable",
    "v2Package": null,
    "v2Name": null,
    "hasBreakingChanges": false,
    "breakingChanges": [],
    "migrationNotes": null,
    "blockers": ["Waiting on design specs for new sorting UX", "Performance testing needed for virtualization"],
    "updatedAt": "2025-01-05T08:00:00Z"
  },
  {
    "id": "tabs-007",
    "name": "Tabs",
    "status": "migrated",
    "v1Package": "@pacific/v1",
    "v1Name": "Tabs",
    "v2Package": "@pacific/v2",
    "v2Name": "Tabs",
    "hasBreakingChanges": true,
    "breakingChanges": ["activeTab prop renamed to value", "onTabChange renamed to onValueChange"],
    "migrationNotes": "API aligned with Radix UI Tabs. Now supports controlled and uncontrolled modes.",
    "blockers": [],
    "updatedAt": "2024-12-01T13:15:00Z"
  },
  {
    "id": "badge-008",
    "name": "Badge",
    "status": "migrated",
    "v1Package": "@pacific/v1",
    "v1Name": "Badge",
    "v2Package": "@pacific/v2",
    "v2Name": "Badge",
    "hasBreakingChanges": false,
    "breakingChanges": [],
    "migrationNotes": "No breaking changes. Added new variant options.",
    "blockers": [],
    "updatedAt": "2024-11-20T10:00:00Z"
  },
  {
    "id": "alert-009",
    "name": "Alert",
    "status": "migrated",
    "v1Package": "@pacific/v1",
    "v1Name": "Alert",
    "v2Package": "@pacific/v2",
    "v2Name": "Alert",
    "hasBreakingChanges": true,
    "breakingChanges": ["type prop renamed to variant", "dismissible prop renamed to closable"],
    "migrationNotes": "Standardized prop naming. Added Alert.Title and Alert.Description compound components.",
    "blockers": [],
    "updatedAt": "2024-11-25T15:30:00Z"
  },
  {
    "id": "tooltip-010",
    "name": "Tooltip",
    "status": "in_progress",
    "v1Package": "@pacific/v1",
    "v1Name": "Tooltip",
    "v2Package": "@pacific/v2",
    "v2Name": "Tooltip",
    "hasBreakingChanges": true,
    "breakingChanges": ["Now requires Tooltip.Trigger wrapper", "content prop moved to Tooltip.Content"],
    "migrationNotes": "Rebuilt on Radix UI primitives for better accessibility and positioning.",
    "blockers": [],
    "updatedAt": "2025-01-08T11:00:00Z"
  },
  {
    "id": "avatar-011",
    "name": "Avatar",
    "status": "migrated",
    "v1Package": "@pacific/v1",
    "v1Name": "Avatar",
    "v2Package": "@pacific/v2",
    "v2Name": "Avatar",
    "hasBreakingChanges": false,
    "breakingChanges": [],
    "migrationNotes": "Added Avatar.Fallback for loading states. Image loading now handled automatically.",
    "blockers": [],
    "updatedAt": "2024-11-18T09:45:00Z"
  },
  {
    "id": "dropdown-012",
    "name": "Dropdown",
    "status": "in_progress",
    "v1Package": "@pacific/v1",
    "v1Name": "Dropdown",
    "v2Package": "@pacific/v2",
    "v2Name": "DropdownMenu",
    "hasBreakingChanges": true,
    "breakingChanges": ["Complete API rewrite using compound components", "items prop removed"],
    "migrationNotes": "Renamed to DropdownMenu. Now uses DropdownMenu.Trigger, DropdownMenu.Content, DropdownMenu.Item pattern.",
    "blockers": [],
    "updatedAt": "2025-01-12T14:00:00Z"
  },
  {
    "id": "checkbox-013",
    "name": "Checkbox",
    "status": "migrated",
    "v1Package": "@pacific/v1",
    "v1Name": "Checkbox",
    "v2Package": "@pacific/v2",
    "v2Name": "Checkbox",
    "hasBreakingChanges": true,
    "breakingChanges": ["checked prop now supports 'indeterminate' state", "onChange provides boolean | 'indeterminate'"],
    "migrationNotes": "Added indeterminate state support. Label now passed as children instead of label prop.",
    "blockers": [],
    "updatedAt": "2024-12-08T10:30:00Z"
  },
  {
    "id": "radio-014",
    "name": "RadioGroup",
    "status": "migrated",
    "v1Package": "@pacific/v1",
    "v1Name": "RadioGroup",
    "v2Package": "@pacific/v2",
    "v2Name": "RadioGroup",
    "hasBreakingChanges": true,
    "breakingChanges": ["options prop removed, now uses RadioGroup.Item children"],
    "migrationNotes": "Converted to compound component pattern. Better accessibility with roving tabindex.",
    "blockers": [],
    "updatedAt": "2024-12-03T16:00:00Z"
  },
  {
    "id": "switch-015",
    "name": "Switch",
    "status": "migrated",
    "v1Package": "@pacific/v1",
    "v1Name": "Toggle",
    "v2Package": "@pacific/v2",
    "v2Name": "Switch",
    "hasBreakingChanges": true,
    "breakingChanges": ["Component renamed from Toggle to Switch", "isOn prop renamed to checked"],
    "migrationNotes": "Renamed to match WAI-ARIA switch role. API aligned with native checkbox.",
    "blockers": [],
    "updatedAt": "2024-11-30T12:00:00Z"
  },
  {
    "id": "progress-016",
    "name": "ProgressBar",
    "status": "migrated",
    "v1Package": "@pacific/v1",
    "v1Name": "ProgressBar",
    "v2Package": "@pacific/v2",
    "v2Name": "Progress",
    "hasBreakingChanges": true,
    "breakingChanges": ["Renamed from ProgressBar to Progress", "percent prop renamed to value"],
    "migrationNotes": "Simplified naming. Added indeterminate state support.",
    "blockers": [],
    "updatedAt": "2024-11-22T14:30:00Z"
  },
  {
    "id": "skeleton-017",
    "name": "Skeleton",
    "status": "migrated",
    "v1Package": "@pacific/v1",
    "v1Name": "Skeleton",
    "v2Package": "@pacific/v2",
    "v2Name": "Skeleton",
    "hasBreakingChanges": false,
    "breakingChanges": [],
    "migrationNotes": "No breaking changes. Animation now uses CSS instead of JS.",
    "blockers": [],
    "updatedAt": "2024-11-15T11:00:00Z"
  },
  {
    "id": "spinner-018",
    "name": "Spinner",
    "status": "deprecated",
    "v1Package": "@pacific/v1",
    "v1Name": "Spinner",
    "v2Package": null,
    "v2Name": null,
    "hasBreakingChanges": false,
    "breakingChanges": [],
    "migrationNotes": "Deprecated in favor of Skeleton for loading states. Use Skeleton or custom loading indicators.",
    "blockers": [],
    "updatedAt": "2024-11-10T09:00:00Z"
  },
  {
    "id": "toast-019",
    "name": "Toast",
    "status": "not_started",
    "v1Package": "@pacific/v1",
    "v1Name": "Toast",
    "v2Package": null,
    "v2Name": null,
    "hasBreakingChanges": false,
    "breakingChanges": [],
    "migrationNotes": null,
    "blockers": ["Design review needed for stacking behavior"],
    "updatedAt": "2025-01-02T10:00:00Z"
  },
  {
    "id": "accordion-020",
    "name": "Accordion",
    "status": "in_progress",
    "v1Package": "@pacific/v1",
    "v1Name": "Accordion",
    "v2Package": "@pacific/v2",
    "v2Name": "Accordion",
    "hasBreakingChanges": true,
    "breakingChanges": ["items prop removed, now uses compound components", "single/multiple type prop added"],
    "migrationNotes": "Complete rewrite using Radix primitives. Supports single and multiple expansion modes.",
    "blockers": [],
    "updatedAt": "2025-01-14T10:30:00Z"
  },
  {
    "id": "breadcrumb-021",
    "name": "Breadcrumb",
    "status": "migrated",
    "v1Package": "@pacific/v1",
    "v1Name": "Breadcrumb",
    "v2Package": "@pacific/v2",
    "v2Name": "Breadcrumb",
    "hasBreakingChanges": true,
    "breakingChanges": ["items prop removed, now uses Breadcrumb.Item children"],
    "migrationNotes": "Compound component pattern. Better separator customization.",
    "blockers": [],
    "updatedAt": "2024-12-12T15:00:00Z"
  },
  {
    "id": "pagination-022",
    "name": "Pagination",
    "status": "not_started",
    "v1Package": "@pacific/v1",
    "v1Name": "Pagination",
    "v2Package": null,
    "v2Name": null,
    "hasBreakingChanges": false,
    "breakingChanges": [],
    "migrationNotes": null,
    "blockers": [],
    "updatedAt": "2024-12-20T08:00:00Z"
  },
  {
    "id": "textarea-023",
    "name": "Textarea",
    "status": "migrated",
    "v1Package": "@pacific/v1",
    "v1Name": "Textarea",
    "v2Package": "@pacific/v2",
    "v2Name": "Textarea",
    "hasBreakingChanges": false,
    "breakingChanges": [],
    "migrationNotes": "No breaking changes. Added auto-resize option.",
    "blockers": [],
    "updatedAt": "2024-11-28T14:00:00Z"
  },
  {
    "id": "divider-024",
    "name": "Divider",
    "status": "migrated",
    "v1Package": "@pacific/v1",
    "v1Name": "Divider",
    "v2Package": "@pacific/v2",
    "v2Name": "Separator",
    "hasBreakingChanges": true,
    "breakingChanges": ["Renamed from Divider to Separator"],
    "migrationNotes": "Renamed to align with Radix UI naming conventions.",
    "blockers": [],
    "updatedAt": "2024-11-12T10:00:00Z"
  },
  {
    "id": "popover-025",
    "name": "Popover",
    "status": "in_progress",
    "v1Package": "@pacific/v1",
    "v1Name": "Popover",
    "v2Package": "@pacific/v2",
    "v2Name": "Popover",
    "hasBreakingChanges": true,
    "breakingChanges": ["trigger prop removed, now uses Popover.Trigger", "content prop removed, now uses Popover.Content"],
    "migrationNotes": "Rebuilt on Radix Popover. Better positioning and collision detection.",
    "blockers": [],
    "updatedAt": "2025-01-11T16:00:00Z"
  },
  {
    "id": "calendar-026",
    "name": "Calendar",
    "status": "not_started",
    "v1Package": "@pacific/v1",
    "v1Name": "Calendar",
    "v2Package": null,
    "v2Name": null,
    "hasBreakingChanges": false,
    "breakingChanges": [],
    "migrationNotes": null,
    "blockers": ["Evaluating date-fns vs dayjs for date handling"],
    "updatedAt": "2024-12-28T09:00:00Z"
  },
  {
    "id": "datepicker-027",
    "name": "DatePicker",
    "status": "not_started",
    "v1Package": "@pacific/v1",
    "v1Name": "DatePicker",
    "v2Package": null,
    "v2Name": null,
    "hasBreakingChanges": false,
    "breakingChanges": [],
    "migrationNotes": null,
    "blockers": ["Blocked by Calendar component migration"],
    "updatedAt": "2024-12-28T09:00:00Z"
  },
  {
    "id": "slider-028",
    "name": "Slider",
    "status": "in_progress",
    "v1Package": "@pacific/v1",
    "v1Name": "Slider",
    "v2Package": "@pacific/v2",
    "v2Name": "Slider",
    "hasBreakingChanges": true,
    "breakingChanges": ["value/onChange now use array for range support"],
    "migrationNotes": "Added range slider support. Rebuilt on Radix Slider primitive.",
    "blockers": [],
    "updatedAt": "2025-01-15T11:00:00Z"
  }
]
